insertId,jsonPayload.apiVersion,jsonPayload.eventTime,jsonPayload.involvedObject.apiVersion,jsonPayload.involvedObject.kind,jsonPayload.involvedObject.name,jsonPayload.involvedObject.resourceVersion,jsonPayload.involvedObject.uid,jsonPayload.kind,jsonPayload.lastTimestamp,jsonPayload.message,"jsonPayload.metadata.annotations.""external-name""",jsonPayload.metadata.creationTimestamp,jsonPayload.metadata.managedFields,jsonPayload.metadata.name,jsonPayload.metadata.namespace,jsonPayload.metadata.resourceVersion,jsonPayload.metadata.uid,jsonPayload.pid,jsonPayload.reason,jsonPayload.reportingComponent,jsonPayload.reportingInstance,jsonPayload.source.component,jsonPayload.type,"labels.""authorization.k8s.io/decision""","labels.""authorization.k8s.io/reason""","labels.""compute.googleapis.com/resource_name""","labels.""k8s-pod/pkg_crossplane_io/provider""","labels.""k8s-pod/pkg_crossplane_io/revision""","labels.""k8s-pod/pod-template-hash""",logName,operation.first,operation.id,operation.last,operation.producer,protoPayload.authenticationInfo.principalEmail,protoPayload.authenticationInfo.serviceAccountKeyName,protoPayload.authorizationInfo.granted,protoPayload.authorizationInfo.permission,protoPayload.authorizationInfo.resource,protoPayload.authorizationInfo.resourceAttributes,protoPayload.methodName,protoPayload.redactions.field,protoPayload.redactions.reason,protoPayload.redactions.type,protoPayload.requestMetadata.callerIp,protoPayload.requestMetadata.callerNetwork,protoPayload.requestMetadata.callerSuppliedUserAgent,protoPayload.requestMetadata.destinationAttributes,protoPayload.requestMetadata.requestAttributes.auth,protoPayload.requestMetadata.requestAttributes.time,protoPayload.resourceLocation.currentLocations,protoPayload.resourceName,protoPayload.serviceName,protoPayload.status.code,protoPayload.status.message,receiveLocation,receiveTimestamp,resource.labels.bucket_name,resource.labels.cluster_name,resource.labels.component_location,resource.labels.component_name,resource.labels.container_name,resource.labels.location,resource.labels.namespace_name,resource.labels.pod_name,resource.labels.project_id,resource.type,severity,sourceLocation.file,sourceLocation.line,textPayload,timestamp
fowbt8966ebbnce2,,,,,,,,,,"""HTTP"" verb=""GET"" URI=""/apis/storage.gcp.upbound.io/v1beta1/buckets/bucketbenchone1929-e48s7z46a81t45"" latency=""15.899582ms"" userAgent=""kubectl/v1.28.1 (linux/amd64) kubernetes/8dc49c4"" audit-ID=""b350008e-decb-40ee-99bd-435e44c26cab"" srcIP=""80.12.102.169:29624"" apf_pl=""global-default"" apf_fs=""global-default"" apf_iseats=1 apf_fseats=0 apf_additionalLatency=""0s"" apf_execution_time=""15.260762ms"" resp=404",,,,,,,,11,,,,,,,,,,,,projects/sbx-31371-t559vlz35eulkvmklkin/logs/container.googleapis.com%2Fapiserver,,,,,,,,,,,,,,,,,,,,,,,,,,,2023-10-20T17:52:15.192292984Z,,autopilot-crossplane,europe-west1-b,apiserver,,europe-west1,,,sbx-31371-t559vlz35eulkvmklkin,k8s_control_plane_component,INFO,httplog.go,132,,2023-10-20T17:52:09.953796Z
b350008e-decb-40ee-99bd-435e44c26cab,,,,,,,,,,,,,,,,,,,,,,,,allow,access granted by IAM permissions.,,,,,projects/sbx-31371-t559vlz35eulkvmklkin/logs/cloudaudit.googleapis.com%2Fdata_access,true,b350008e-decb-40ee-99bd-435e44c26cab,true,k8s.io,elliott.yost-1697730950931@sandbox.cloud.orange,,[true],"[""io.upbound.gcp.storage.v1beta1.buckets.get""]","[""storage.gcp.upbound.io/v1beta1/buckets/bucketbenchone1929-e48s7z46a81t45""]",[null],io.upbound.gcp.storage.v1beta1.buckets.get,,,,80.12.102.169,,kubectl/v1.28.1 (linux/amd64) kubernetes/8dc49c4,,,,,storage.gcp.upbound.io/v1beta1/buckets/bucketbenchone1929-e48s7z46a81t45,k8s.io,5,"buckets.storage.gcp.upbound.io ""bucketbenchone1929-e48s7z46a81t45"" not found",,2023-10-20T17:52:13.194673264Z,,autopilot-crossplane,,,,europe-west1,,,sbx-31371-t559vlz35eulkvmklkin,k8s_cluster,,,,,2023-10-20T17:52:09.953660Z
3d50x2adn5c423mn,,,,,,,,,,,,,,,,,,,,,,,,,,gk3-autopilot-crossplane-pool-3-c21613a6-664c,provider-gcp-storage,provider-gcp-storage-783d8e05c77b,67b55d8d,projects/sbx-31371-t559vlz35eulkvmklkin/logs/stderr,,,,,,,,,,,,,,,,,,,,,,,,,,,2023-10-20T17:24:21.953805462Z,,autopilot-crossplane,,,provider-gcp-storage,europe-west1,crossplane-system,provider-gcp-storage-783d8e05c77b-67b55d8d-scpqs,sbx-31371-t559vlz35eulkvmklkin,k8s_container,ERROR,,,"2023-10-20T17:24:17Z	DEBUG	provider-gcp	Cannot get managed resource	{""controller"": ""managed/storage.gcp.upbound.io/v1beta1, kind=bucket"", ""request"": {""name"":""bucketbenchone1929-e48s7z46a81t45""}, ""error"": ""Bucket.storage.gcp.upbound.io \""bucketbenchone1929-e48s7z46a81t45\"" not found""}",2023-10-20T17:24:17.908327463Z
kzsdmg65mnbnww7d,,,,,,,,,,,,,,,,,,,,,,,,,,gk3-autopilot-crossplane-pool-3-c21613a6-664c,provider-gcp-storage,provider-gcp-storage-783d8e05c77b,67b55d8d,projects/sbx-31371-t559vlz35eulkvmklkin/logs/stderr,,,,,,,,,,,,,,,,,,,,,,,,,,,2023-10-20T17:24:21.953805462Z,,autopilot-crossplane,,,provider-gcp-storage,europe-west1,crossplane-system,provider-gcp-storage-783d8e05c77b-67b55d8d-scpqs,sbx-31371-t559vlz35eulkvmklkin,k8s_container,ERROR,,,"2023-10-20T17:24:17Z	DEBUG	provider-gcp	Reconciling	{""controller"": ""managed/storage.gcp.upbound.io/v1beta1, kind=bucket"", ""request"": {""name"":""bucketbenchone1929-e48s7z46a81t45""}}",2023-10-20T17:24:17.908273280Z
v6v3shv4bfn5jqfc,,,,,,,,,,,,,,,,,,,,,,,,,,gk3-autopilot-crossplane-pool-3-c21613a6-664c,provider-gcp-storage,provider-gcp-storage-783d8e05c77b,67b55d8d,projects/sbx-31371-t559vlz35eulkvmklkin/logs/stderr,,,,,,,,,,,,,,,,,,,,,,,,,,,2023-10-20T17:21:57.021989834Z,,autopilot-crossplane,,,provider-gcp-storage,europe-west1,crossplane-system,provider-gcp-storage-783d8e05c77b-67b55d8d-scpqs,sbx-31371-t559vlz35eulkvmklkin,k8s_container,ERROR,,,"2023-10-20T17:21:56Z	DEBUG	provider-gcp	Calling the inner handler for Delete event.	{""gvk"": ""storage.gcp.upbound.io/v1beta1, Kind=Bucket"", ""name"": ""bucketbenchone1929-e48s7z46a81t45"", ""queueLength"": 216}",2023-10-20T17:21:56.244167762Z
lo0dedh8ihekgihg,,,,,,,,,,,,,,,,,,,,,,,,,,gk3-autopilot-crossplane-pool-3-c21613a6-664c,provider-gcp-storage,provider-gcp-storage-783d8e05c77b,67b55d8d,projects/sbx-31371-t559vlz35eulkvmklkin/logs/stderr,,,,,,,,,,,,,,,,,,,,,,,,,,,2023-10-20T17:21:57.021989834Z,,autopilot-crossplane,,,provider-gcp-storage,europe-west1,crossplane-system,provider-gcp-storage-783d8e05c77b-67b55d8d-scpqs,sbx-31371-t559vlz35eulkvmklkin,k8s_container,ERROR,,,"2023-10-20T17:21:56Z	DEBUG	provider-gcp	Successfully deleted managed resource	{""controller"": ""managed/storage.gcp.upbound.io/v1beta1, kind=bucket"", ""request"": {""name"":""bucketbenchone1929-e48s7z46a81t45""}, ""uid"": ""839079d2-acf8-4acb-be41-596901317afb"", ""version"": ""432095"", ""external-name"": ""bucketbenchone1929-e48s7z46a81t45"", ""deletion-timestamp"": ""2023-10-20 16:55:06 +0000 UTC""}",2023-10-20T17:21:56.243456014Z
c8o4fznz1ufqraw2,,,,,,,,,,"""HTTP"" verb=""PUT"" URI=""/apis/storage.gcp.upbound.io/v1beta1/buckets/bucketbenchone1929-e48s7z46a81t45"" latency=""13.375226ms"" userAgent=""provider/v0.0.0 (linux/amd64) kubernetes/$Format"" audit-ID=""0977042f-44a5-47a1-b446-856e41d893d7"" srcIP=""10.83.0.16:50606"" apf_pl=""workload-low"" apf_fs=""service-accounts"" apf_iseats=1 apf_fseats=0 apf_additionalLatency=""0s"" apf_execution_time=""12.805651ms"" resp=200",,,,,,,,14,,,,,,,,,,,,projects/sbx-31371-t559vlz35eulkvmklkin/logs/container.googleapis.com%2Fapiserver,,,,,,,,,,,,,,,,,,,,,,,,,,,2023-10-20T17:21:57.238087723Z,,autopilot-crossplane,europe-west1-d,apiserver,,europe-west1,,,sbx-31371-t559vlz35eulkvmklkin,k8s_control_plane_component,INFO,httplog.go,132,,2023-10-20T17:21:56.209418Z
0977042f-44a5-47a1-b446-856e41d893d7,,,,,,,,,,,,,,,,,,,,,,,,allow,"RBAC: allowed by ClusterRoleBinding ""crossplane:provider:provider-gcp-storage-783d8e05c77b:system"" of ClusterRole ""crossplane:provider:provider-gcp-storage-783d8e05c77b:system"" to ServiceAccount ""provider-gcp-storage-783d8e05c77b/crossplane-system""",,,,,projects/sbx-31371-t559vlz35eulkvmklkin/logs/cloudaudit.googleapis.com%2Factivity,true,0977042f-44a5-47a1-b446-856e41d893d7,true,k8s.io,system:serviceaccount:crossplane-system:provider-gcp-storage-783d8e05c77b,,[true],"[""io.upbound.gcp.storage.v1beta1.buckets.update""]","[""storage.gcp.upbound.io/v1beta1/buckets/bucketbenchone1929-e48s7z46a81t45""]",[null],io.upbound.gcp.storage.v1beta1.buckets.update,,,,10.83.0.16,,provider/v0.0.0 (linux/amd64) kubernetes/$Format,,,,,storage.gcp.upbound.io/v1beta1/buckets/bucketbenchone1929-e48s7z46a81t45,k8s.io,,,,2023-10-20T17:21:57.226305313Z,,autopilot-crossplane,,,,europe-west1,,,sbx-31371-t559vlz35eulkvmklkin,k8s_cluster,,,,,2023-10-20T17:21:56.209246Z
f7ojc5k4ovksgdjx,,,,,,,,,,,,,,,,,,,,,,,,,,gk3-autopilot-crossplane-pool-3-c21613a6-664c,provider-gcp-storage,provider-gcp-storage-783d8e05c77b,67b55d8d,projects/sbx-31371-t559vlz35eulkvmklkin/logs/stderr,,,,,,,,,,,,,,,,,,,,,,,,,,,2023-10-20T17:21:57.021989834Z,,autopilot-crossplane,,,provider-gcp-storage,europe-west1,crossplane-system,provider-gcp-storage-783d8e05c77b-67b55d8d-scpqs,sbx-31371-t559vlz35eulkvmklkin,k8s_container,ERROR,,,"2023-10-20T17:21:53Z	DEBUG	provider-gcp	Reconciling	{""controller"": ""managed/storage.gcp.upbound.io/v1beta1, kind=bucket"", ""request"": {""name"":""bucketbenchone1929-e48s7z46a81t45""}}",2023-10-20T17:21:53.371370679Z
ntp0eiwq5uga75oq,,,,,,,,,,"""HTTP"" verb=""PATCH"" URI=""/api/v1/namespaces/default/events/bucketbenchone1929-e48s7z46a81t45.178fdf2b16cb8e32"" latency=""9.027665ms"" userAgent=""provider/v0.0.0 (linux/amd64) kubernetes/$Format"" audit-ID=""b03f7eab-423d-42bd-9443-946ff3d5c6b1"" srcIP=""10.83.0.16:41442"" apf_pl=""workload-low"" apf_fs=""service-accounts"" apf_iseats=1 apf_fseats=0 apf_additionalLatency=""0s"" apf_execution_time=""8.602474ms"" resp=200",,,,,,,,13,,,,,,,,,,,,projects/sbx-31371-t559vlz35eulkvmklkin/logs/container.googleapis.com%2Fapiserver,,,,,,,,,,,,,,,,,,,,,,,,,,,2023-10-20T17:18:52.053111989Z,,autopilot-crossplane,europe-west1-c,apiserver,,europe-west1,,,sbx-31371-t559vlz35eulkvmklkin,k8s_control_plane_component,INFO,httplog.go,132,,2023-10-20T17:18:49.386160Z
o2928cmxxg91xfdd,,,,,,,,,,"""HTTP"" verb=""PUT"" URI=""/apis/storage.gcp.upbound.io/v1beta1/buckets/bucketbenchone1929-e48s7z46a81t45/status"" latency=""8.743138ms"" userAgent=""provider/v0.0.0 (linux/amd64) kubernetes/$Format"" audit-ID=""4a8360f9-94b8-4321-842a-e787a3b9b668"" srcIP=""10.83.0.16:36346"" apf_pl=""workload-low"" apf_fs=""service-accounts"" apf_iseats=1 apf_fseats=0 apf_additionalLatency=""0s"" apf_execution_time=""8.269663ms"" resp=200",,,,,,,,13,,,,,,,,,,,,projects/sbx-31371-t559vlz35eulkvmklkin/logs/container.googleapis.com%2Fapiserver,,,,,,,,,,,,,,,,,,,,,,,,,,,2023-10-20T17:18:52.053111989Z,,autopilot-crossplane,europe-west1-c,apiserver,,europe-west1,,,sbx-31371-t559vlz35eulkvmklkin,k8s_control_plane_component,INFO,httplog.go,132,,2023-10-20T17:18:47.756858Z
4a8360f9-94b8-4321-842a-e787a3b9b668,,,,,,,,,,,,,,,,,,,,,,,,allow,"RBAC: allowed by ClusterRoleBinding ""crossplane:provider:provider-gcp-storage-783d8e05c77b:system"" of ClusterRole ""crossplane:provider:provider-gcp-storage-783d8e05c77b:system"" to ServiceAccount ""provider-gcp-storage-783d8e05c77b/crossplane-system""",,,,,projects/sbx-31371-t559vlz35eulkvmklkin/logs/cloudaudit.googleapis.com%2Factivity,true,4a8360f9-94b8-4321-842a-e787a3b9b668,true,k8s.io,system:serviceaccount:crossplane-system:provider-gcp-storage-783d8e05c77b,,[true],"[""io.upbound.gcp.storage.v1beta1.buckets.status.update""]","[""storage.gcp.upbound.io/v1beta1/buckets/bucketbenchone1929-e48s7z46a81t45/status""]",[null],io.upbound.gcp.storage.v1beta1.buckets.status.update,,,,10.83.0.16,,provider/v0.0.0 (linux/amd64) kubernetes/$Format,,,,,storage.gcp.upbound.io/v1beta1/buckets/bucketbenchone1929-e48s7z46a81t45/status,k8s.io,,,,2023-10-20T17:18:48.702796231Z,,autopilot-crossplane,,,,europe-west1,,,sbx-31371-t559vlz35eulkvmklkin,k8s_cluster,,,,,2023-10-20T17:18:47.756774Z
hwhkr8nncs8805r6,,,,,,,,,,,,,,,,,,,,,,,,,,gk3-autopilot-crossplane-pool-3-c21613a6-664c,provider-gcp-storage,provider-gcp-storage-783d8e05c77b,67b55d8d,projects/sbx-31371-t559vlz35eulkvmklkin/logs/stderr,,,,,,,,,,,,,,,,,,,,,,,,,,,2023-10-20T17:18:52.025518220Z,,autopilot-crossplane,,,provider-gcp-storage,europe-west1,crossplane-system,provider-gcp-storage-783d8e05c77b-67b55d8d-scpqs,sbx-31371-t559vlz35eulkvmklkin,k8s_container,ERROR,,,"2023-10-20T17:18:47Z	DEBUG	events	Successfully requested deletion of external resource	{""type"": ""Normal"", ""object"": {""kind"":""Bucket"",""name"":""bucketbenchone1929-e48s7z46a81t45"",""uid"":""839079d2-acf8-4acb-be41-596901317afb"",""apiVersion"":""storage.gcp.upbound.io/v1beta1"",""resourceVersion"":""432095""}, ""reason"": ""DeletedExternalResource""}",2023-10-20T17:18:47.651692901Z
5qfxtj7wxyc7geyi,,,,,,,,,,,,,,,,,,,,,,,,,,gk3-autopilot-crossplane-pool-3-c21613a6-664c,provider-gcp-storage,provider-gcp-storage-783d8e05c77b,67b55d8d,projects/sbx-31371-t559vlz35eulkvmklkin/logs/stderr,,,,,,,,,,,,,,,,,,,,,,,,,,,2023-10-20T17:18:52.025518220Z,,autopilot-crossplane,,,provider-gcp-storage,europe-west1,crossplane-system,provider-gcp-storage-783d8e05c77b-67b55d8d-scpqs,sbx-31371-t559vlz35eulkvmklkin,k8s_container,ERROR,,,"2023-10-20T17:18:47Z	DEBUG	provider-gcp	Successfully requested deletion of external resource	{""controller"": ""managed/storage.gcp.upbound.io/v1beta1, kind=bucket"", ""request"": {""name"":""bucketbenchone1929-e48s7z46a81t45""}, ""uid"": ""839079d2-acf8-4acb-be41-596901317afb"", ""version"": ""432095"", ""external-name"": ""bucketbenchone1929-e48s7z46a81t45"", ""deletion-timestamp"": ""2023-10-20 16:55:06 +0000 UTC""}",2023-10-20T17:18:47.651286789Z
e1p26fpzkit4uek2,,,,,,,,,,,,,,,,,,,,,,,,,,gk3-autopilot-crossplane-pool-3-c21613a6-664c,provider-gcp-storage,provider-gcp-storage-783d8e05c77b,67b55d8d,projects/sbx-31371-t559vlz35eulkvmklkin/logs/stderr,,,,,,,,,,,,,,,,,,,,,,,,,,,2023-10-20T17:18:52.025518220Z,,autopilot-crossplane,,,provider-gcp-storage,europe-west1,crossplane-system,provider-gcp-storage-783d8e05c77b-67b55d8d-scpqs,sbx-31371-t559vlz35eulkvmklkin,k8s_container,ERROR,,,"2023-10-20T17:18:47Z	DEBUG	provider-gcp	Reconcile request has been requeued.	{""gvk"": ""storage.gcp.upbound.io/v1beta1, Kind=Bucket"", ""name"": ""bucketbenchone1929-e48s7z46a81t45"", ""rateLimiterName"": ""scheduler"", ""when"": ""16m49.558309445s""}",2023-10-20T17:18:47.651121422Z
pxyuss10agpwk3z6,,,,,,,,,,,,,,,,,,,,,,,,,,gk3-autopilot-crossplane-pool-3-c21613a6-664c,provider-gcp-storage,provider-gcp-storage-783d8e05c77b,67b55d8d,projects/sbx-31371-t559vlz35eulkvmklkin/logs/stderr,,,,,,,,,,,,,,,,,,,,,,,,,,,2023-10-20T17:18:52.025518220Z,,autopilot-crossplane,,,provider-gcp-storage,europe-west1,crossplane-system,provider-gcp-storage-783d8e05c77b-67b55d8d-scpqs,sbx-31371-t559vlz35eulkvmklkin,k8s_container,ERROR,,,"2023-10-20T17:18:47Z	DEBUG	provider-gcp	Reconcile request has been requeued.	{""gvk"": ""storage.gcp.upbound.io/v1beta1, Kind=Bucket"", ""name"": ""bucketbenchone1929-e48s7z46a81t45"", ""rateLimiterName"": ""scheduler"", ""when"": ""16m49.458699331s""}",2023-10-20T17:18:47.650714123Z
ee91izkkt843et0u,,,,,,,,,,,,,,,,,,,,,,,,,,gk3-autopilot-crossplane-pool-3-c21613a6-664c,provider-gcp-storage,provider-gcp-storage-783d8e05c77b,67b55d8d,projects/sbx-31371-t559vlz35eulkvmklkin/logs/stderr,,,,,,,,,,,,,,,,,,,,,,,,,,,2023-10-20T17:18:52.025518220Z,,autopilot-crossplane,,,provider-gcp-storage,europe-west1,crossplane-system,provider-gcp-storage-783d8e05c77b-67b55d8d-scpqs,sbx-31371-t559vlz35eulkvmklkin,k8s_container,ERROR,,,"2023-10-20T17:18:47Z	DEBUG	provider-gcp	Reconciling	{""controller"": ""managed/storage.gcp.upbound.io/v1beta1, kind=bucket"", ""request"": {""name"":""bucketbenchone1929-e48s7z46a81t45""}}",2023-10-20T17:18:47.649046232Z
1ac6qhpf6ovrdc,v1,,storage.gcp.upbound.io/v1beta1,Bucket,bucketbenchone1929-e48s7z46a81t45,411523,839079d2-acf8-4acb-be41-596901317afb,Event,2023-10-20T17:18:47Z,Successfully requested deletion of external resource,bucketbenchone1929-e48s7z46a81t45,2023-10-20T16:56:00Z,"[{""time"":""2023-10-20T17:18:49Z"",""fieldsType"":""FieldsV1"",""fieldsV1"":{""f:source"":{""f:component"":{}},""f:type"":{},""f:count"":{},""f:reason"":{},""f:reportingComponent"":{},""f:lastTimestamp"":{},""f:involvedObject"":{},""f:metadata"":{""f:annotations"":{""f:external-name"":{},""."":{}}},""f:firstTimestamp"":{},""f:message"":{}},""manager"":""provider"",""apiVersion"":""v1"",""operation"":""Update""}]",bucketbenchone1929-e48s7z46a81t45.178fdf2b16cb8e32,default,58264,9be89771-df77-42b0-8a09-7371d214e125,,DeletedExternalResource,"managed/storage.gcp.upbound.io/v1beta1, kind=bucket",,"managed/storage.gcp.upbound.io/v1beta1, kind=bucket",Normal,,,,,,,projects/sbx-31371-t559vlz35eulkvmklkin/logs/events,,,,,,,,,,,,,,,,,,,,,,,,,,,2023-10-20T17:18:49.489275642Z,,autopilot-crossplane,,,,europe-west1,,,sbx-31371-t559vlz35eulkvmklkin,k8s_cluster,INFO,,,,2023-10-20T17:18:47Z
2g5nvsgoers1aju4,,,,,,,,,,,,,,,,,,,,,,,,,,gk3-autopilot-crossplane-pool-3-c21613a6-664c,provider-gcp-storage,provider-gcp-storage-783d8e05c77b,67b55d8d,projects/sbx-31371-t559vlz35eulkvmklkin/logs/stderr,,,,,,,,,,,,,,,,,,,,,,,,,,,2023-10-20T17:15:52.118144315Z,,autopilot-crossplane,,,provider-gcp-storage,europe-west1,crossplane-system,provider-gcp-storage-783d8e05c77b-67b55d8d-scpqs,sbx-31371-t559vlz35eulkvmklkin,k8s_container,ERROR,,,"2023-10-20T17:15:48Z	DEBUG	provider-gcp	destroy async ended	{""workspace"": ""/tmp/839079d2-acf8-4acb-be41-596901317afb"", ""out"": ""{\""@level\"":\""info\"",\""@message\"":\""Terraform 1.5.5\"",\""@module\"":\""terraform.ui\"",\""@timestamp\"":\""2023-10-20T17:15:41.102290Z\"",\""terraform\"":\""1.5.5\"",\""type\"":\""version\"",\""ui\"":\""1.1\""}\n{\""@level\"":\""info\"",\""@message\"":\""google_storage_bucket.bucketbenchone1929-e48s7z46a81t45: Refreshing state... [id=bucketbenchone1929-e48s7z46a81t45]\"",\""@module\"":\""terraform.ui\"",\""@timestamp\"":\""2023-10-20T17:15:44.796698Z\"",\""hook\"":{\""resource\"":{\""addr\"":\""google_storage_bucket.bucketbenchone1929-e48s7z46a81t45\"",\""module\"":\""\"",\""resource\"":\""google_storage_bucket.bucketbenchone1929-e48s7z46a81t45\"",\""implied_provider\"":\""google\"",\""resource_type\"":\""google_storage_bucket\"",\""resource_name\"":\""bucketbenchone1929-e48s7z46a81t45\"",\""resource_key\"":null},\""id_key\"":\""id\"",\""id_value\"":\""bucketbenchone1929-e48s7z46a81t45\""},\""type\"":\""refresh_start\""}\n{\""@level\"":\""info\"",\""@message\"":\""google_storage_bucket.bucketbenchone1929-e48s7z46a81t45: Refresh complete [id=bucketbenchone1929-e48s7z46a81t45]\"",\""@module\"":\""terraform.ui\"",\""@timestamp\"":\""2023-10-20T17:15:44.952753Z\"",\""hook\"":{\""resource\"":{\""addr\"":\""google_storage_bucket.bucketbenchone1929-e48s7z46a81t45\"",\""module\"":\""\"",\""resource\"":\""google_storage_bucket.bucketbenchone1929-e48s7z46a81t45\"",\""implied_provider\"":\""google\"",\""resource_type\"":\""google_storage_bucket\"",\""resource_name\"":\""bucketbenchone1929-e48s7z46a81t45\"",\""resource_key\"":null},\""id_key\"":\""id\"",\""id_value\"":\""bucketbenchone1929-e48s7z46a81t45\""},\""type\"":\""refresh_complete\""}\n{\""@level\"":\""info\"",\""@message\"":\""google_storage_bucket.bucketbenchone1929-e48s7z46a81t45: Plan to delete\"",\""@module\"":\""terraform.ui\"",\""@timestamp\"":\""2023-10-20T17:15:46.071218Z\"",\""change\"":{\""resource\"":{\""addr\"":\""google_storage_bucket.bucketbenchone1929-e48s7z46a81t45\"",\""module\"":\""\"",\""resource\"":\""google_storage_bucket.bucketbenchone1929-e48s7z46a81t45\"",\""implied_provider\"":\""google\"",\""resource_type\"":\""google_storage_bucket\"",\""resource_name\"":\""bucketbenchone1929-e48s7z46a81t45\"",\""resource_key\"":null},\""action\"":\""delete\""},\""type\"":\""planned_change\""}\n{\""@level\"":\""info\"",\""@message\"":\""Plan: 0 to add, 0 to change, 1 to destroy.\"",\""@module\"":\""terraform.ui\"",\""@timestamp\"":\""2023-10-20T17:15:46.071547Z\"",\""changes\"":{\""add\"":0,\""change\"":0,\""import\"":0,\""remove\"":1,\""operation\"":\""plan\""},\""type\"":\""change_summary\""}\n{\""@level\"":\""info\"",\""@message\"":\""google_storage_bucket.bucketbenchone1929-e48s7z46a81t45: Destroying... [id=bucketbenchone1929-e48s7z46a81t45]\"",\""@module\"":\""terraform.ui\"",\""@timestamp\"":\""2023-10-20T17:15:47.255190Z\"",\""hook\"":{\""resource\"":{\""addr\"":\""google_storage_bucket.bucketbenchone1929-e48s7z46a81t45\"",\""module\"":\""\"",\""resource\"":\""google_storage_bucket.bucketbenchone1929-e48s7z46a81t45\"",\""implied_provider\"":\""google\"",\""resource_type\"":\""google_storage_bucket\"",\""resource_name\"":\""bucketbenchone1929-e48s7z46a81t45\"",\""resource_key\"":null},\""action\"":\""delete\"",\""id_key\"":\""id\"",\""id_value\"":\""bucketbenchone1929-e48s7z46a81t45\""},\""type\"":\""apply_start\""}\n{\""@level\"":\""info\"",\""@message\"":\""google_storage_bucket.bucketbenchone1929-e48s7z46a81t45: Destruction complete after 1s\"",\""@module\"":\""terraform.ui\"",\""@timestamp\"":\""2023-10-20T17:15:48.143280Z\"",\""hook\"":{\""resource\"":{\""addr\"":\""google_storage_bucket.bucketbenchone1929-e48s7z46a81t45\"",\""module\"":\""\"",\""resource\"":\""google_storage_bucket.bucketbenchone1929-e48s7z46a81t45\"",\""implied_provider\"":\""google\"",\""resource_type\"":\""google_storage_bucket\"",\""resource_name\"":\""bucketbenchone1929-e48s7z46a81t45\"",\""resource_key\"":null},\""action\"":\""delete\"",\""elapsed_seconds\"":1},\""type\"":\""apply_complete\""}\n{\""@level\"":\""info\"",\""@message\"":\""Destroy complete! Resources: 1 destroyed.\"",\""@module\"":\""terraform.ui\"",\""@timestamp\"":\""2023-10-20T17:15:48.192551Z\"",\""changes\"":{\""add\"":0,\""change\"":0,\""import\"":0,\""remove\"":1,\""operation\"":\""destroy\""},\""type\"":\""change_summary\""}\n""}",2023-10-20T17:15:48.223275952Z
9xkvi6jhm5ycenyj,,,,,,,,,,"""HTTP"" verb=""PUT"" URI=""/apis/storage.gcp.upbound.io/v1beta1/buckets/bucketbenchone1929-e48s7z46a81t45/status"" latency=""8.120924ms"" userAgent=""provider/v0.0.0 (linux/amd64) kubernetes/$Format"" audit-ID=""165add63-b717-42a6-b3b1-f7bcd9f8d305"" srcIP=""10.83.0.16:52864"" apf_pl=""workload-low"" apf_fs=""service-accounts"" apf_iseats=1 apf_fseats=0 apf_additionalLatency=""0s"" apf_execution_time=""7.607861ms"" resp=200",,,,,,,,13,,,,,,,,,,,,projects/sbx-31371-t559vlz35eulkvmklkin/logs/container.googleapis.com%2Fapiserver,,,,,,,,,,,,,,,,,,,,,,,,,,,2023-10-20T17:15:52.028361359Z,,autopilot-crossplane,europe-west1-c,apiserver,,europe-west1,,,sbx-31371-t559vlz35eulkvmklkin,k8s_control_plane_component,INFO,httplog.go,132,,2023-10-20T17:15:48.216489Z
165add63-b717-42a6-b3b1-f7bcd9f8d305,,,,,,,,,,,,,,,,,,,,,,,,allow,"RBAC: allowed by ClusterRoleBinding ""crossplane:provider:provider-gcp-storage-783d8e05c77b:system"" of ClusterRole ""crossplane:provider:provider-gcp-storage-783d8e05c77b:system"" to ServiceAccount ""provider-gcp-storage-783d8e05c77b/crossplane-system""",,,,,projects/sbx-31371-t559vlz35eulkvmklkin/logs/cloudaudit.googleapis.com%2Factivity,true,165add63-b717-42a6-b3b1-f7bcd9f8d305,true,k8s.io,system:serviceaccount:crossplane-system:provider-gcp-storage-783d8e05c77b,,[true],"[""io.upbound.gcp.storage.v1beta1.buckets.status.update""]","[""storage.gcp.upbound.io/v1beta1/buckets/bucketbenchone1929-e48s7z46a81t45/status""]",[null],io.upbound.gcp.storage.v1beta1.buckets.status.update,,,,10.83.0.16,,provider/v0.0.0 (linux/amd64) kubernetes/$Format,,,,,storage.gcp.upbound.io/v1beta1/buckets/bucketbenchone1929-e48s7z46a81t45/status,k8s.io,,,,2023-10-20T17:15:51.066605387Z,,autopilot-crossplane,,,,europe-west1,,,sbx-31371-t559vlz35eulkvmklkin,k8s_cluster,,,,,2023-10-20T17:15:48.216336Z
oyzonmea4t7d,,,,,,,,,,,,,,,,,,,,,,,,,,,,,,projects/sbx-31371-t559vlz35eulkvmklkin/logs/cloudaudit.googleapis.com%2Factivity,,,,,crossplane@sbx-31371-t559vlz35eulkvmklkin.iam.gserviceaccount.com,//iam.googleapis.com/projects/sbx-31371-t559vlz35eulkvmklkin/serviceAccounts/crossplane@sbx-31371-t559vlz35eulkvmklkin.iam.gserviceaccount.com/keys/37f7ab319b3bb1d3c65acbd65ad708b512c75181,[true],"[""storage.buckets.delete""]","[""projects/_/buckets/bucketbenchone1929-e48s7z46a81t45""]","[""""]",storage.buckets.delete,,,,10.0.0.10,//compute.googleapis.com/projects/sbx-31371-t559vlz35eulkvmklkin/global/networks/__unknown__,"google-api-go-client/0.5 Terraform/1.5.5 (+https://www.terraform.io) Terraform-Plugin-SDK/2.10.1 terraform-provider-google/4.77.0 upbound-provider-gcp/v0.37.0,gzip(gfe)",,,2023-10-20T17:15:47.546399836Z,"[""eu""]",projects/_/buckets/bucketbenchone1929-e48s7z46a81t45,storage.googleapis.com,,,,2023-10-20T17:15:49.568722571Z,bucketbenchone1929-e48s7z46a81t45,,,,,eu,,,sbx-31371-t559vlz35eulkvmklkin,gcs_bucket,NOTICE,,,,2023-10-20T17:15:47.536757288Z
14iw7f4e74jad,,,,,,,,,,,,,,,,,,,,,,,,,,,,,,projects/sbx-31371-t559vlz35eulkvmklkin/logs/cloudaudit.googleapis.com%2Fdata_access,,,,,crossplane@sbx-31371-t559vlz35eulkvmklkin.iam.gserviceaccount.com,//iam.googleapis.com/projects/sbx-31371-t559vlz35eulkvmklkin/serviceAccounts/crossplane@sbx-31371-t559vlz35eulkvmklkin.iam.gserviceaccount.com/keys/37f7ab319b3bb1d3c65acbd65ad708b512c75181,[true],"[""storage.buckets.get""]","[""projects/_/buckets/bucketbenchone1929-e48s7z46a81t45""]","[""""]",storage.buckets.get,,,,10.0.0.10,//compute.googleapis.com/projects/sbx-31371-t559vlz35eulkvmklkin/global/networks/__unknown__,"google-api-go-client/0.5 Terraform/1.5.5 (+https://www.terraform.io) Terraform-Plugin-SDK/2.10.1 terraform-provider-google/4.77.0 upbound-provider-gcp/v0.37.0,gzip(gfe)",,,2023-10-20T17:15:44.915705042Z,"[""eu""]",projects/_/buckets/bucketbenchone1929-e48s7z46a81t45,storage.googleapis.com,,,,2023-10-20T17:15:45.725704441Z,bucketbenchone1929-e48s7z46a81t45,,,,,eu,,,sbx-31371-t559vlz35eulkvmklkin,gcs_bucket,INFO,,,,2023-10-20T17:15:44.907832504Z
buci4v6ht4zvqkbv,,,,,,,,,,,,,,,,,,,,,,,,,,gk3-autopilot-crossplane-pool-3-c21613a6-664c,provider-gcp-storage,provider-gcp-storage-783d8e05c77b,67b55d8d,projects/sbx-31371-t559vlz35eulkvmklkin/logs/stderr,,,,,,,,,,,,,,,,,,,,,,,,,,,2023-10-20T17:15:42.034727314Z,,autopilot-crossplane,,,provider-gcp-storage,europe-west1,crossplane-system,provider-gcp-storage-783d8e05c77b-67b55d8d-scpqs,sbx-31371-t559vlz35eulkvmklkin,k8s_container,ERROR,,,"2023-10-20T17:15:40Z	DEBUG	events	Successfully requested deletion of external resource	{""type"": ""Normal"", ""object"": {""kind"":""Bucket"",""name"":""bucketbenchone1929-e48s7z46a81t45"",""uid"":""839079d2-acf8-4acb-be41-596901317afb"",""apiVersion"":""storage.gcp.upbound.io/v1beta1"",""resourceVersion"":""413206""}, ""reason"": ""DeletedExternalResource""}",2023-10-20T17:15:40.844233411Z
dq5d0hdd76kgwsok,,,,,,,,,,"""HTTP"" verb=""PUT"" URI=""/apis/storage.gcp.upbound.io/v1beta1/buckets/bucketbenchone1929-e48s7z46a81t45/status"" latency=""17.892893ms"" userAgent=""provider/v0.0.0 (linux/amd64) kubernetes/$Format"" audit-ID=""3191acbe-13f4-4e5c-aff2-3a50abfbfa08"" srcIP=""10.83.0.16:52864"" apf_pl=""workload-low"" apf_fs=""service-accounts"" apf_iseats=1 apf_fseats=0 apf_additionalLatency=""0s"" apf_execution_time=""17.190314ms"" resp=200",,,,,,,,13,,,,,,,,,,,,projects/sbx-31371-t559vlz35eulkvmklkin/logs/container.googleapis.com%2Fapiserver,,,,,,,,,,,,,,,,,,,,,,,,,,,2023-10-20T17:15:42.010686489Z,,autopilot-crossplane,europe-west1-c,apiserver,,europe-west1,,,sbx-31371-t559vlz35eulkvmklkin,k8s_control_plane_component,INFO,httplog.go,132,,2023-10-20T17:15:40.816676Z
3191acbe-13f4-4e5c-aff2-3a50abfbfa08,,,,,,,,,,,,,,,,,,,,,,,,allow,"RBAC: allowed by ClusterRoleBinding ""crossplane:provider:provider-gcp-storage-783d8e05c77b:system"" of ClusterRole ""crossplane:provider:provider-gcp-storage-783d8e05c77b:system"" to ServiceAccount ""provider-gcp-storage-783d8e05c77b/crossplane-system""",,,,,projects/sbx-31371-t559vlz35eulkvmklkin/logs/cloudaudit.googleapis.com%2Factivity,true,3191acbe-13f4-4e5c-aff2-3a50abfbfa08,true,k8s.io,system:serviceaccount:crossplane-system:provider-gcp-storage-783d8e05c77b,,[true],"[""io.upbound.gcp.storage.v1beta1.buckets.status.update""]","[""storage.gcp.upbound.io/v1beta1/buckets/bucketbenchone1929-e48s7z46a81t45/status""]",[null],io.upbound.gcp.storage.v1beta1.buckets.status.update,,,,10.83.0.16,,provider/v0.0.0 (linux/amd64) kubernetes/$Format,,,,,storage.gcp.upbound.io/v1beta1/buckets/bucketbenchone1929-e48s7z46a81t45/status,k8s.io,,,,2023-10-20T17:15:42.397728841Z,,autopilot-crossplane,,,,europe-west1,,,sbx-31371-t559vlz35eulkvmklkin,k8s_cluster,,,,,2023-10-20T17:15:40.816539Z
5wrbphgmoceox0zl,,,,,,,,,,"""HTTP"" verb=""PATCH"" URI=""/api/v1/namespaces/default/events/bucketbenchone1929-e48s7z46a81t45.178fdf2b16cb8e32"" latency=""15.162499ms"" userAgent=""provider/v0.0.0 (linux/amd64) kubernetes/$Format"" audit-ID=""45164bb2-ea6d-495d-97b1-8faf64a4771a"" srcIP=""10.83.0.16:52864"" apf_pl=""workload-low"" apf_fs=""service-accounts"" apf_iseats=1 apf_fseats=0 apf_additionalLatency=""0s"" apf_execution_time=""14.793068ms"" resp=200",,,,,,,,13,,,,,,,,,,,,projects/sbx-31371-t559vlz35eulkvmklkin/logs/container.googleapis.com%2Fapiserver,,,,,,,,,,,,,,,,,,,,,,,,,,,2023-10-20T17:15:42.010686489Z,,autopilot-crossplane,europe-west1-c,apiserver,,europe-west1,,,sbx-31371-t559vlz35eulkvmklkin,k8s_control_plane_component,INFO,httplog.go,132,,2023-10-20T17:15:40.814786Z
dhh3ftgcftvnix4u,,,,,,,,,,,,,,,,,,,,,,,,,,gk3-autopilot-crossplane-pool-3-c21613a6-664c,provider-gcp-storage,provider-gcp-storage-783d8e05c77b,67b55d8d,projects/sbx-31371-t559vlz35eulkvmklkin/logs/stderr,,,,,,,,,,,,,,,,,,,,,,,,,,,2023-10-20T17:15:42.034727314Z,,autopilot-crossplane,,,provider-gcp-storage,europe-west1,crossplane-system,provider-gcp-storage-783d8e05c77b-67b55d8d-scpqs,sbx-31371-t559vlz35eulkvmklkin,k8s_container,ERROR,,,"2023-10-20T17:15:40Z	DEBUG	provider-gcp	Successfully requested deletion of external resource	{""controller"": ""managed/storage.gcp.upbound.io/v1beta1, kind=bucket"", ""request"": {""name"":""bucketbenchone1929-e48s7z46a81t45""}, ""uid"": ""839079d2-acf8-4acb-be41-596901317afb"", ""version"": ""413206"", ""external-name"": ""bucketbenchone1929-e48s7z46a81t45"", ""deletion-timestamp"": ""2023-10-20 16:55:06 +0000 UTC""}",2023-10-20T17:15:40.797698718Z
k0qb8h7mzhisslfb,,,,,,,,,,,,,,,,,,,,,,,,,,gk3-autopilot-crossplane-pool-3-c21613a6-664c,provider-gcp-storage,provider-gcp-storage-783d8e05c77b,67b55d8d,projects/sbx-31371-t559vlz35eulkvmklkin/logs/stderr,,,,,,,,,,,,,,,,,,,,,,,,,,,2023-10-20T17:15:42.034727314Z,,autopilot-crossplane,,,provider-gcp-storage,europe-west1,crossplane-system,provider-gcp-storage-783d8e05c77b-67b55d8d-scpqs,sbx-31371-t559vlz35eulkvmklkin,k8s_container,ERROR,,,"2023-10-20T17:15:40Z	DEBUG	provider-gcp	Reconcile request has been requeued.	{""gvk"": ""storage.gcp.upbound.io/v1beta1, Kind=Bucket"", ""name"": ""bucketbenchone1929-e48s7z46a81t45"", ""rateLimiterName"": ""status"", ""when"": ""5ms""}",2023-10-20T17:15:40.797204795Z
nyaywunujrc8cp27,,,,,,,,,,,,,,,,,,,,,,,,,,gk3-autopilot-crossplane-pool-3-c21613a6-664c,provider-gcp-storage,provider-gcp-storage-783d8e05c77b,67b55d8d,projects/sbx-31371-t559vlz35eulkvmklkin/logs/stderr,,,,,,,,,,,,,,,,,,,,,,,,,,,2023-10-20T17:15:42.034727314Z,,autopilot-crossplane,,,provider-gcp-storage,europe-west1,crossplane-system,provider-gcp-storage-783d8e05c77b-67b55d8d-scpqs,sbx-31371-t559vlz35eulkvmklkin,k8s_container,ERROR,,,"2023-10-20T17:15:40Z	DEBUG	provider-gcp	Resource is marked as available.	{""uid"": ""839079d2-acf8-4acb-be41-596901317afb"", ""name"": ""bucketbenchone1929-e48s7z46a81t45"", ""gvk"": ""storage.gcp.upbound.io/v1beta1, Kind=Bucket""}",2023-10-20T17:15:40.796950221Z
ay99nwoov4kacdyh,,,,,,,,,,,,,,,,,,,,,,,,,,gk3-autopilot-crossplane-pool-3-c21613a6-664c,provider-gcp-storage,provider-gcp-storage-783d8e05c77b,67b55d8d,projects/sbx-31371-t559vlz35eulkvmklkin/logs/stderr,,,,,,,,,,,,,,,,,,,,,,,,,,,2023-10-20T17:15:42.034727314Z,,autopilot-crossplane,,,provider-gcp-storage,europe-west1,crossplane-system,provider-gcp-storage-783d8e05c77b-67b55d8d-scpqs,sbx-31371-t559vlz35eulkvmklkin,k8s_container,ERROR,,,"2023-10-20T17:15:40Z	DEBUG	provider-gcp	refresh ended	{""workspace"": ""/tmp/839079d2-acf8-4acb-be41-596901317afb"", ""out"": ""{\""@level\"":\""info\"",\""@message\"":\""Terraform 1.5.5\"",\""@module\"":\""terraform.ui\"",\""@timestamp\"":\""2023-10-20T17:15:36.580177Z\"",\""terraform\"":\""1.5.5\"",\""type\"":\""version\"",\""ui\"":\""1.1\""}\n{\""@level\"":\""info\"",\""@message\"":\""google_storage_bucket.bucketbenchone1929-e48s7z46a81t45: Refreshing state... [id=REDACTED/bucketbenchone1929-e48s7z46a81t45]\"",\""@module\"":\""terraform.ui\"",\""@timestamp\"":\""2023-10-20T17:15:40.554287Z\"",\""hook\"":{\""resource\"":{\""addr\"":\""google_storage_bucket.bucketbenchone1929-e48s7z46a81t45\"",\""module\"":\""\"",\""resource\"":\""google_storage_bucket.bucketbenchone1929-e48s7z46a81t45\"",\""implied_provider\"":\""google\"",\""resource_type\"":\""google_storage_bucket\"",\""resource_name\"":\""bucketbenchone1929-e48s7z46a81t45\"",\""resource_key\"":null},\""id_key\"":\""id\"",\""id_value\"":\""REDACTED/bucketbenchone1929-e48s7z46a81t45\""},\""type\"":\""refresh_start\""}\n{\""@level\"":\""info\"",\""@message\"":\""google_storage_bucket.bucketbenchone1929-e48s7z46a81t45: Refresh complete [id=bucketbenchone1929-e48s7z46a81t45]\"",\""@module\"":\""terraform.ui\"",\""@timestamp\"":\""2023-10-20T17:15:40.748869Z\"",\""hook\"":{\""resource\"":{\""addr\"":\""google_storage_bucket.bucketbenchone1929-e48s7z46a81t45\"",\""module\"":\""\"",\""resource\"":\""google_storage_bucket.bucketbenchone1929-e48s7z46a81t45\"",\""implied_provider\"":\""google\"",\""resource_type\"":\""google_storage_bucket\"",\""resource_name\"":\""bucketbenchone1929-e48s7z46a81t45\"",\""resource_key\"":null},\""id_key\"":\""id\"",\""id_value\"":\""bucketbenchone1929-e48s7z46a81t45\""},\""type\"":\""refresh_complete\""}\n{\""@level\"":\""info\"",\""@message\"":\""google_storage_bucket.bucketbenchone1929-e48s7z46a81t45: Drift detected (update)\"",\""@module\"":\""terraform.ui\"",\""@timestamp\"":\""2023-10-20T17:15:40.750551Z\"",\""change\"":{\""resource\"":{\""addr\"":\""google_storage_bucket.bucketbenchone1929-e48s7z46a81t45\"",\""module\"":\""\"",\""resource\"":\""google_storage_bucket.bucketbenchone1929-e48s7z46a81t45\"",\""implied_provider\"":\""google\"",\""resource_type\"":\""google_storage_bucket\"",\""resource_name\"":\""bucketbenchone1929-e48s7z46a81t45\"",\""resource_key\"":null},\""action\"":\""update\""},\""type\"":\""resource_drift\""}\n{\""@level\"":\""info\"",\""@message\"":\""Plan: 0 to add, 0 to change, 0 to destroy.\"",\""@module\"":\""terraform.ui\"",\""@timestamp\"":\""2023-10-20T17:15:40.750651Z\"",\""changes\"":{\""add\"":0,\""change\"":0,\""import\"":0,\""remove\"":0,\""operation\"":\""plan\""},\""type\"":\""change_summary\""}\n{\""@level\"":\""info\"",\""@message\"":\""Apply complete! Resources: 0 added, 0 changed, 0 destroyed.\"",\""@module\"":\""terraform.ui\"",\""@timestamp\"":\""2023-10-20T17:15:40.778469Z\"",\""changes\"":{\""add\"":0,\""change\"":0,\""import\"":0,\""remove\"":0,\""operation\"":\""apply\""},\""type\"":\""change_summary\""}\n{\""@level\"":\""info\"",\""@message\"":\""Outputs: 0\"",\""@module\"":\""terraform.ui\"",\""@timestamp\"":\""2023-10-20T17:15:40.778655Z\"",\""outputs\"":{},\""type\"":\""outputs\""}\n""}",2023-10-20T17:15:40.796663843Z
crtakeeb5hhb,,,,,,,,,,,,,,,,,,,,,,,,,,,,,,projects/sbx-31371-t559vlz35eulkvmklkin/logs/cloudaudit.googleapis.com%2Fdata_access,,,,,crossplane@sbx-31371-t559vlz35eulkvmklkin.iam.gserviceaccount.com,//iam.googleapis.com/projects/sbx-31371-t559vlz35eulkvmklkin/serviceAccounts/crossplane@sbx-31371-t559vlz35eulkvmklkin.iam.gserviceaccount.com/keys/37f7ab319b3bb1d3c65acbd65ad708b512c75181,[true],"[""storage.buckets.get""]","[""projects/_/buckets/bucketbenchone1929-e48s7z46a81t45""]","[""""]",storage.buckets.get,,,,10.0.0.10,//compute.googleapis.com/projects/sbx-31371-t559vlz35eulkvmklkin/global/networks/__unknown__,"google-api-go-client/0.5 Terraform/1.5.5 (+https://www.terraform.io) Terraform-Plugin-SDK/2.10.1 terraform-provider-google/4.77.0 upbound-provider-gcp/v0.37.0,gzip(gfe)",,,2023-10-20T17:15:40.704201208Z,"[""eu""]",projects/_/buckets/bucketbenchone1929-e48s7z46a81t45,storage.googleapis.com,,,,2023-10-20T17:15:41.211224323Z,bucketbenchone1929-e48s7z46a81t45,,,,,eu,,,sbx-31371-t559vlz35eulkvmklkin,gcs_bucket,INFO,,,,2023-10-20T17:15:40.694618949Z
pt2qmyf2k5tbu,v1,,storage.gcp.upbound.io/v1beta1,Bucket,bucketbenchone1929-e48s7z46a81t45,411523,839079d2-acf8-4acb-be41-596901317afb,Event,2023-10-20T17:15:40Z,Successfully requested deletion of external resource,bucketbenchone1929-e48s7z46a81t45,2023-10-20T16:56:00Z,"[{""fieldsV1"":{""f:lastTimestamp"":{},""f:reason"":{},""f:reportingComponent"":{},""f:message"":{},""f:metadata"":{""f:annotations"":{""."":{},""f:external-name"":{}}},""f:firstTimestamp"":{},""f:involvedObject"":{},""f:count"":{},""f:source"":{""f:component"":{}},""f:type"":{}},""manager"":""provider"",""fieldsType"":""FieldsV1"",""apiVersion"":""v1"",""operation"":""Update"",""time"":""2023-10-20T17:15:40Z""}]",bucketbenchone1929-e48s7z46a81t45.178fdf2b16cb8e32,default,56659,9be89771-df77-42b0-8a09-7371d214e125,,DeletedExternalResource,"managed/storage.gcp.upbound.io/v1beta1, kind=bucket",,"managed/storage.gcp.upbound.io/v1beta1, kind=bucket",Normal,,,,,,,projects/sbx-31371-t559vlz35eulkvmklkin/logs/events,,,,,,,,,,,,,,,,,,,,,,,,,,,2023-10-20T17:15:41.352004899Z,,autopilot-crossplane,,,,europe-west1,,,sbx-31371-t559vlz35eulkvmklkin,k8s_cluster,INFO,,,,2023-10-20T17:15:40Z
jaou6duq8lslpptp,,,,,,,,,,,,,,,,,,,,,,,,,,gk3-autopilot-crossplane-pool-3-c21613a6-664c,provider-gcp-storage,provider-gcp-storage-783d8e05c77b,67b55d8d,projects/sbx-31371-t559vlz35eulkvmklkin/logs/stderr,,,,,,,,,,,,,,,,,,,,,,,,,,,2023-10-20T17:15:37.049272112Z,,autopilot-crossplane,,,provider-gcp-storage,europe-west1,crossplane-system,provider-gcp-storage-783d8e05c77b-67b55d8d-scpqs,sbx-31371-t559vlz35eulkvmklkin,k8s_container,ERROR,,,"2023-10-20T17:15:36Z	DEBUG	provider-gcp	Reconciling	{""controller"": ""managed/storage.gcp.upbound.io/v1beta1, kind=bucket"", ""request"": {""name"":""bucketbenchone1929-e48s7z46a81t45""}}",2023-10-20T17:15:36.397638271Z
5nmeskjz8gvo7rll,,,,,,,,,,"""HTTP"" verb=""PATCH"" URI=""/api/v1/namespaces/default/events/bucketbenchone1929-e48s7z46a81t45.178fdf2b16cb8e32"" latency=""10.367294ms"" userAgent=""provider/v0.0.0 (linux/amd64) kubernetes/$Format"" audit-ID=""6b880e89-6b9e-45a1-92c0-b25fc956e54e"" srcIP=""10.83.0.16:48262"" apf_pl=""workload-low"" apf_fs=""service-accounts"" apf_iseats=1 apf_fseats=0 apf_additionalLatency=""0s"" apf_execution_time=""9.756108ms"" resp=200",,,,,,,,14,,,,,,,,,,,,projects/sbx-31371-t559vlz35eulkvmklkin/logs/container.googleapis.com%2Fapiserver,,,,,,,,,,,,,,,,,,,,,,,,,,,2023-10-20T17:12:22.389161667Z,,autopilot-crossplane,europe-west1-d,apiserver,,europe-west1,,,sbx-31371-t559vlz35eulkvmklkin,k8s_control_plane_component,INFO,httplog.go,132,,2023-10-20T17:12:21.761396Z
e1ei53it7cq49b7g,,,,,,,,,,"""HTTP"" verb=""PUT"" URI=""/apis/storage.gcp.upbound.io/v1beta1/buckets/bucketbenchone1929-e48s7z46a81t45/status"" latency=""10.764995ms"" userAgent=""provider/v0.0.0 (linux/amd64) kubernetes/$Format"" audit-ID=""2aa6f06f-0294-476f-8d4f-c6261beda9d8"" srcIP=""10.83.0.16:48262"" apf_pl=""workload-low"" apf_fs=""service-accounts"" apf_iseats=1 apf_fseats=0 apf_additionalLatency=""0s"" apf_execution_time=""10.368862ms"" resp=200",,,,,,,,14,,,,,,,,,,,,projects/sbx-31371-t559vlz35eulkvmklkin/logs/container.googleapis.com%2Fapiserver,,,,,,,,,,,,,,,,,,,,,,,,,,,2023-10-20T17:12:22.389161667Z,,autopilot-crossplane,europe-west1-d,apiserver,,europe-west1,,,sbx-31371-t559vlz35eulkvmklkin,k8s_control_plane_component,INFO,httplog.go,132,,2023-10-20T17:12:20.519162Z
2aa6f06f-0294-476f-8d4f-c6261beda9d8,,,,,,,,,,,,,,,,,,,,,,,,allow,"RBAC: allowed by ClusterRoleBinding ""crossplane:provider:provider-gcp-storage-783d8e05c77b:system"" of ClusterRole ""crossplane:provider:provider-gcp-storage-783d8e05c77b:system"" to ServiceAccount ""provider-gcp-storage-783d8e05c77b/crossplane-system""",,,,,projects/sbx-31371-t559vlz35eulkvmklkin/logs/cloudaudit.googleapis.com%2Factivity,true,2aa6f06f-0294-476f-8d4f-c6261beda9d8,true,k8s.io,system:serviceaccount:crossplane-system:provider-gcp-storage-783d8e05c77b,,[true],"[""io.upbound.gcp.storage.v1beta1.buckets.status.update""]","[""storage.gcp.upbound.io/v1beta1/buckets/bucketbenchone1929-e48s7z46a81t45/status""]",[null],io.upbound.gcp.storage.v1beta1.buckets.status.update,,,,10.83.0.16,,provider/v0.0.0 (linux/amd64) kubernetes/$Format,,,,,storage.gcp.upbound.io/v1beta1/buckets/bucketbenchone1929-e48s7z46a81t45/status,k8s.io,,,,2023-10-20T17:12:21.925675110Z,,autopilot-crossplane,,,,europe-west1,,,sbx-31371-t559vlz35eulkvmklkin,k8s_cluster,,,,,2023-10-20T17:12:20.518997Z
azgy98fawjuqa4nv,,,,,,,,,,,,,,,,,,,,,,,,,,gk3-autopilot-crossplane-pool-3-c21613a6-664c,provider-gcp-storage,provider-gcp-storage-783d8e05c77b,67b55d8d,projects/sbx-31371-t559vlz35eulkvmklkin/logs/stderr,,,,,,,,,,,,,,,,,,,,,,,,,,,2023-10-20T17:12:22.058843138Z,,autopilot-crossplane,,,provider-gcp-storage,europe-west1,crossplane-system,provider-gcp-storage-783d8e05c77b-67b55d8d-scpqs,sbx-31371-t559vlz35eulkvmklkin,k8s_container,ERROR,,,"2023-10-20T17:12:20Z	DEBUG	events	Successfully requested deletion of external resource	{""type"": ""Normal"", ""object"": {""kind"":""Bucket"",""name"":""bucketbenchone1929-e48s7z46a81t45"",""uid"":""839079d2-acf8-4acb-be41-596901317afb"",""apiVersion"":""storage.gcp.upbound.io/v1beta1"",""resourceVersion"":""413206""}, ""reason"": ""DeletedExternalResource""}",2023-10-20T17:12:20.382797900Z
hawca05b0mxldjt5,,,,,,,,,,,,,,,,,,,,,,,,,,gk3-autopilot-crossplane-pool-3-c21613a6-664c,provider-gcp-storage,provider-gcp-storage-783d8e05c77b,67b55d8d,projects/sbx-31371-t559vlz35eulkvmklkin/logs/stderr,,,,,,,,,,,,,,,,,,,,,,,,,,,2023-10-20T17:12:22.058843138Z,,autopilot-crossplane,,,provider-gcp-storage,europe-west1,crossplane-system,provider-gcp-storage-783d8e05c77b-67b55d8d-scpqs,sbx-31371-t559vlz35eulkvmklkin,k8s_container,ERROR,,,"2023-10-20T17:12:20Z	DEBUG	provider-gcp	Successfully requested deletion of external resource	{""controller"": ""managed/storage.gcp.upbound.io/v1beta1, kind=bucket"", ""request"": {""name"":""bucketbenchone1929-e48s7z46a81t45""}, ""uid"": ""839079d2-acf8-4acb-be41-596901317afb"", ""version"": ""413206"", ""external-name"": ""bucketbenchone1929-e48s7z46a81t45"", ""deletion-timestamp"": ""2023-10-20 16:55:06 +0000 UTC""}",2023-10-20T17:12:20.382645984Z
flr3akubby1ji7d9,,,,,,,,,,,,,,,,,,,,,,,,,,gk3-autopilot-crossplane-pool-3-c21613a6-664c,provider-gcp-storage,provider-gcp-storage-783d8e05c77b,67b55d8d,projects/sbx-31371-t559vlz35eulkvmklkin/logs/stderr,,,,,,,,,,,,,,,,,,,,,,,,,,,2023-10-20T17:12:22.058843138Z,,autopilot-crossplane,,,provider-gcp-storage,europe-west1,crossplane-system,provider-gcp-storage-783d8e05c77b-67b55d8d-scpqs,sbx-31371-t559vlz35eulkvmklkin,k8s_container,ERROR,,,"2023-10-20T17:12:20Z	DEBUG	provider-gcp	Reconcile request has been requeued.	{""gvk"": ""storage.gcp.upbound.io/v1beta1, Kind=Bucket"", ""name"": ""bucketbenchone1929-e48s7z46a81t45"", ""rateLimiterName"": ""scheduler"", ""when"": ""12m36.727819334s""}",2023-10-20T17:12:20.381711364Z
qe8u5d0vx5g8uwpf,,,,,,,,,,,,,,,,,,,,,,,,,,gk3-autopilot-crossplane-pool-3-c21613a6-664c,provider-gcp-storage,provider-gcp-storage-783d8e05c77b,67b55d8d,projects/sbx-31371-t559vlz35eulkvmklkin/logs/stderr,,,,,,,,,,,,,,,,,,,,,,,,,,,2023-10-20T17:12:22.058843138Z,,autopilot-crossplane,,,provider-gcp-storage,europe-west1,crossplane-system,provider-gcp-storage-783d8e05c77b-67b55d8d-scpqs,sbx-31371-t559vlz35eulkvmklkin,k8s_container,ERROR,,,"2023-10-20T17:12:20Z	DEBUG	provider-gcp	Reconcile request has been requeued.	{""gvk"": ""storage.gcp.upbound.io/v1beta1, Kind=Bucket"", ""name"": ""bucketbenchone1929-e48s7z46a81t45"", ""rateLimiterName"": ""scheduler"", ""when"": ""12m36.628077793s""}",2023-10-20T17:12:20.381341600Z
2qg7eswxzaagt7z3,,,,,,,,,,,,,,,,,,,,,,,,,,gk3-autopilot-crossplane-pool-3-c21613a6-664c,provider-gcp-storage,provider-gcp-storage-783d8e05c77b,67b55d8d,projects/sbx-31371-t559vlz35eulkvmklkin/logs/stderr,,,,,,,,,,,,,,,,,,,,,,,,,,,2023-10-20T17:12:22.058843138Z,,autopilot-crossplane,,,provider-gcp-storage,europe-west1,crossplane-system,provider-gcp-storage-783d8e05c77b-67b55d8d-scpqs,sbx-31371-t559vlz35eulkvmklkin,k8s_container,ERROR,,,"2023-10-20T17:12:20Z	DEBUG	provider-gcp	Reconciling	{""controller"": ""managed/storage.gcp.upbound.io/v1beta1, kind=bucket"", ""request"": {""name"":""bucketbenchone1929-e48s7z46a81t45""}}",2023-10-20T17:12:20.379937930Z
1vphoxof6dliuz,v1,,storage.gcp.upbound.io/v1beta1,Bucket,bucketbenchone1929-e48s7z46a81t45,411523,839079d2-acf8-4acb-be41-596901317afb,Event,2023-10-20T17:12:20Z,Successfully requested deletion of external resource,bucketbenchone1929-e48s7z46a81t45,2023-10-20T16:56:00Z,"[{""manager"":""provider"",""fieldsType"":""FieldsV1"",""fieldsV1"":{""f:count"":{},""f:reportingComponent"":{},""f:type"":{},""f:message"":{},""f:lastTimestamp"":{},""f:reason"":{},""f:firstTimestamp"":{},""f:involvedObject"":{},""f:metadata"":{""f:annotations"":{""f:external-name"":{},""."":{}}},""f:source"":{""f:component"":{}}},""apiVersion"":""v1"",""time"":""2023-10-20T17:12:21Z"",""operation"":""Update""}]",bucketbenchone1929-e48s7z46a81t45.178fdf2b16cb8e32,default,54919,9be89771-df77-42b0-8a09-7371d214e125,,DeletedExternalResource,"managed/storage.gcp.upbound.io/v1beta1, kind=bucket",,"managed/storage.gcp.upbound.io/v1beta1, kind=bucket",Normal,,,,,,,projects/sbx-31371-t559vlz35eulkvmklkin/logs/events,,,,,,,,,,,,,,,,,,,,,,,,,,,2023-10-20T17:12:22.539999110Z,,autopilot-crossplane,,,,europe-west1,,,sbx-31371-t559vlz35eulkvmklkin,k8s_cluster,INFO,,,,2023-10-20T17:12:20Z
n6gvfh3sov3n63us,,,,,,,,,,"""HTTP"" verb=""PATCH"" URI=""/api/v1/namespaces/default/events/bucketbenchone1929-e48s7z46a81t45.178fdf2b16cb8e32"" latency=""10.111329ms"" userAgent=""provider/v0.0.0 (linux/amd64) kubernetes/$Format"" audit-ID=""ee8685f4-5fd8-485d-b5da-ac9f0ecfb54e"" srcIP=""10.83.0.16:59670"" apf_pl=""workload-low"" apf_fs=""service-accounts"" apf_iseats=1 apf_fseats=0 apf_additionalLatency=""0s"" apf_execution_time=""9.779446ms"" resp=200",,,,,,,,13,,,,,,,,,,,,projects/sbx-31371-t559vlz35eulkvmklkin/logs/container.googleapis.com%2Fapiserver,,,,,,,,,,,,,,,,,,,,,,,,,,,2023-10-20T17:08:47.026561429Z,,autopilot-crossplane,europe-west1-c,apiserver,,europe-west1,,,sbx-31371-t559vlz35eulkvmklkin,k8s_control_plane_component,INFO,httplog.go,132,,2023-10-20T17:08:44.320729Z
cqrh6sd8xq6b9ayr,,,,,,,,,,"""HTTP"" verb=""PUT"" URI=""/apis/storage.gcp.upbound.io/v1beta1/buckets/bucketbenchone1929-e48s7z46a81t45/status"" latency=""10.878793ms"" userAgent=""provider/v0.0.0 (linux/amd64) kubernetes/$Format"" audit-ID=""98c29449-577a-42e6-85eb-c3501118a678"" srcIP=""10.83.0.16:59670"" apf_pl=""workload-low"" apf_fs=""service-accounts"" apf_iseats=1 apf_fseats=0 apf_additionalLatency=""0s"" apf_execution_time=""10.3025ms"" resp=200",,,,,,,,13,,,,,,,,,,,,projects/sbx-31371-t559vlz35eulkvmklkin/logs/container.googleapis.com%2Fapiserver,,,,,,,,,,,,,,,,,,,,,,,,,,,2023-10-20T17:08:47.026561429Z,,autopilot-crossplane,europe-west1-c,apiserver,,europe-west1,,,sbx-31371-t559vlz35eulkvmklkin,k8s_control_plane_component,INFO,httplog.go,132,,2023-10-20T17:08:44.320720Z
98c29449-577a-42e6-85eb-c3501118a678,,,,,,,,,,,,,,,,,,,,,,,,allow,"RBAC: allowed by ClusterRoleBinding ""crossplane:provider:provider-gcp-storage-783d8e05c77b:system"" of ClusterRole ""crossplane:provider:provider-gcp-storage-783d8e05c77b:system"" to ServiceAccount ""provider-gcp-storage-783d8e05c77b/crossplane-system""",,,,,projects/sbx-31371-t559vlz35eulkvmklkin/logs/cloudaudit.googleapis.com%2Factivity,true,98c29449-577a-42e6-85eb-c3501118a678,true,k8s.io,system:serviceaccount:crossplane-system:provider-gcp-storage-783d8e05c77b,,[true],"[""io.upbound.gcp.storage.v1beta1.buckets.status.update""]","[""storage.gcp.upbound.io/v1beta1/buckets/bucketbenchone1929-e48s7z46a81t45/status""]",[null],io.upbound.gcp.storage.v1beta1.buckets.status.update,,,,10.83.0.16,,provider/v0.0.0 (linux/amd64) kubernetes/$Format,,,,,storage.gcp.upbound.io/v1beta1/buckets/bucketbenchone1929-e48s7z46a81t45/status,k8s.io,,,,2023-10-20T17:08:45.793538466Z,,autopilot-crossplane,,,,europe-west1,,,sbx-31371-t559vlz35eulkvmklkin,k8s_cluster,,,,,2023-10-20T17:08:44.320577Z
ob3ynmueyoowy3t1,,,,,,,,,,,,,,,,,,,,,,,,,,gk3-autopilot-crossplane-pool-3-c21613a6-664c,provider-gcp-storage,provider-gcp-storage-783d8e05c77b,67b55d8d,projects/sbx-31371-t559vlz35eulkvmklkin/logs/stderr,,,,,,,,,,,,,,,,,,,,,,,,,,,2023-10-20T17:08:46.973149805Z,,autopilot-crossplane,,,provider-gcp-storage,europe-west1,crossplane-system,provider-gcp-storage-783d8e05c77b-67b55d8d-scpqs,sbx-31371-t559vlz35eulkvmklkin,k8s_container,ERROR,,,"2023-10-20T17:08:44Z	DEBUG	events	Successfully requested deletion of external resource	{""type"": ""Normal"", ""object"": {""kind"":""Bucket"",""name"":""bucketbenchone1929-e48s7z46a81t45"",""uid"":""839079d2-acf8-4acb-be41-596901317afb"",""apiVersion"":""storage.gcp.upbound.io/v1beta1"",""resourceVersion"":""413206""}, ""reason"": ""DeletedExternalResource""}",2023-10-20T17:08:44.309615567Z
825fum27zkexcxxc,,,,,,,,,,,,,,,,,,,,,,,,,,gk3-autopilot-crossplane-pool-3-c21613a6-664c,provider-gcp-storage,provider-gcp-storage-783d8e05c77b,67b55d8d,projects/sbx-31371-t559vlz35eulkvmklkin/logs/stderr,,,,,,,,,,,,,,,,,,,,,,,,,,,2023-10-20T17:08:46.973149805Z,,autopilot-crossplane,,,provider-gcp-storage,europe-west1,crossplane-system,provider-gcp-storage-783d8e05c77b-67b55d8d-scpqs,sbx-31371-t559vlz35eulkvmklkin,k8s_container,ERROR,,,"2023-10-20T17:08:44Z	DEBUG	provider-gcp	Successfully requested deletion of external resource	{""controller"": ""managed/storage.gcp.upbound.io/v1beta1, kind=bucket"", ""request"": {""name"":""bucketbenchone1929-e48s7z46a81t45""}, ""uid"": ""839079d2-acf8-4acb-be41-596901317afb"", ""version"": ""413206"", ""external-name"": ""bucketbenchone1929-e48s7z46a81t45"", ""deletion-timestamp"": ""2023-10-20 16:55:06 +0000 UTC""}",2023-10-20T17:08:44.309601939Z
d0t3vst2sdrynhxk,,,,,,,,,,,,,,,,,,,,,,,,,,gk3-autopilot-crossplane-pool-3-c21613a6-664c,provider-gcp-storage,provider-gcp-storage-783d8e05c77b,67b55d8d,projects/sbx-31371-t559vlz35eulkvmklkin/logs/stderr,,,,,,,,,,,,,,,,,,,,,,,,,,,2023-10-20T17:08:46.973149805Z,,autopilot-crossplane,,,provider-gcp-storage,europe-west1,crossplane-system,provider-gcp-storage-783d8e05c77b-67b55d8d-scpqs,sbx-31371-t559vlz35eulkvmklkin,k8s_container,ERROR,,,"2023-10-20T17:08:44Z	DEBUG	provider-gcp	Reconcile request has been requeued.	{""gvk"": ""storage.gcp.upbound.io/v1beta1, Kind=Bucket"", ""name"": ""bucketbenchone1929-e48s7z46a81t45"", ""rateLimiterName"": ""scheduler"", ""when"": ""10m17.000407586s""}",2023-10-20T17:08:44.309596622Z
eghbhnecaxh1kbxy,,,,,,,,,,,,,,,,,,,,,,,,,,gk3-autopilot-crossplane-pool-3-c21613a6-664c,provider-gcp-storage,provider-gcp-storage-783d8e05c77b,67b55d8d,projects/sbx-31371-t559vlz35eulkvmklkin/logs/stderr,,,,,,,,,,,,,,,,,,,,,,,,,,,2023-10-20T17:08:46.973149805Z,,autopilot-crossplane,,,provider-gcp-storage,europe-west1,crossplane-system,provider-gcp-storage-783d8e05c77b-67b55d8d-scpqs,sbx-31371-t559vlz35eulkvmklkin,k8s_container,ERROR,,,"2023-10-20T17:08:44Z	DEBUG	provider-gcp	Reconcile request has been requeued.	{""gvk"": ""storage.gcp.upbound.io/v1beta1, Kind=Bucket"", ""name"": ""bucketbenchone1929-e48s7z46a81t45"", ""rateLimiterName"": ""scheduler"", ""when"": ""10m16.90046799s""}",2023-10-20T17:08:44.309585941Z
d1u13o8j0rtxfbrv,,,,,,,,,,,,,,,,,,,,,,,,,,gk3-autopilot-crossplane-pool-3-c21613a6-664c,provider-gcp-storage,provider-gcp-storage-783d8e05c77b,67b55d8d,projects/sbx-31371-t559vlz35eulkvmklkin/logs/stderr,,,,,,,,,,,,,,,,,,,,,,,,,,,2023-10-20T17:08:46.973149805Z,,autopilot-crossplane,,,provider-gcp-storage,europe-west1,crossplane-system,provider-gcp-storage-783d8e05c77b-67b55d8d-scpqs,sbx-31371-t559vlz35eulkvmklkin,k8s_container,ERROR,,,"2023-10-20T17:08:44Z	DEBUG	provider-gcp	Reconciling	{""controller"": ""managed/storage.gcp.upbound.io/v1beta1, kind=bucket"", ""request"": {""name"":""bucketbenchone1929-e48s7z46a81t45""}}",2023-10-20T17:08:44.307692631Z
of57jgficyk1u,v1,,storage.gcp.upbound.io/v1beta1,Bucket,bucketbenchone1929-e48s7z46a81t45,411523,839079d2-acf8-4acb-be41-596901317afb,Event,2023-10-20T17:08:44Z,Successfully requested deletion of external resource,bucketbenchone1929-e48s7z46a81t45,2023-10-20T16:56:00Z,"[{""manager"":""provider"",""apiVersion"":""v1"",""fieldsV1"":{""f:count"":{},""f:metadata"":{""f:annotations"":{""."":{},""f:external-name"":{}}},""f:reportingComponent"":{},""f:source"":{""f:component"":{}},""f:involvedObject"":{},""f:message"":{},""f:type"":{},""f:lastTimestamp"":{},""f:firstTimestamp"":{},""f:reason"":{}},""time"":""2023-10-20T17:08:44Z"",""fieldsType"":""FieldsV1"",""operation"":""Update""}]",bucketbenchone1929-e48s7z46a81t45.178fdf2b16cb8e32,default,53023,9be89771-df77-42b0-8a09-7371d214e125,,DeletedExternalResource,"managed/storage.gcp.upbound.io/v1beta1, kind=bucket",,"managed/storage.gcp.upbound.io/v1beta1, kind=bucket",Normal,,,,,,,projects/sbx-31371-t559vlz35eulkvmklkin/logs/events,,,,,,,,,,,,,,,,,,,,,,,,,,,2023-10-20T17:08:47.344633229Z,,autopilot-crossplane,,,,europe-west1,,,sbx-31371-t559vlz35eulkvmklkin,k8s_cluster,INFO,,,,2023-10-20T17:08:44Z
mhk97xla47wdz8h8,,,,,,,,,,"""HTTP"" verb=""PATCH"" URI=""/api/v1/namespaces/default/events/bucketbenchone1929-e48s7z46a81t45.178fdf2b16cb8e32"" latency=""10.987013ms"" userAgent=""provider/v0.0.0 (linux/amd64) kubernetes/$Format"" audit-ID=""568303af-86ac-427c-ba45-c943ab535f92"" srcIP=""10.83.0.16:33040"" apf_pl=""workload-low"" apf_fs=""service-accounts"" apf_iseats=1 apf_fseats=0 apf_additionalLatency=""0s"" apf_execution_time=""10.445166ms"" resp=200",,,,,,,,14,,,,,,,,,,,,projects/sbx-31371-t559vlz35eulkvmklkin/logs/container.googleapis.com%2Fapiserver,,,,,,,,,,,,,,,,,,,,,,,,,,,2023-10-20T17:05:02.275259824Z,,autopilot-crossplane,europe-west1-d,apiserver,,europe-west1,,,sbx-31371-t559vlz35eulkvmklkin,k8s_control_plane_component,INFO,httplog.go,132,,2023-10-20T17:05:01.121232Z
iq58wf6gzr2yuvk5,,,,,,,,,,"""HTTP"" verb=""PUT"" URI=""/apis/storage.gcp.upbound.io/v1beta1/buckets/bucketbenchone1929-e48s7z46a81t45/status"" latency=""9.746191ms"" userAgent=""provider/v0.0.0 (linux/amd64) kubernetes/$Format"" audit-ID=""a0a09439-e151-49e9-8950-819c08a77f0c"" srcIP=""10.83.0.16:33040"" apf_pl=""workload-low"" apf_fs=""service-accounts"" apf_iseats=1 apf_fseats=0 apf_additionalLatency=""0s"" apf_execution_time=""9.250397ms"" resp=200",,,,,,,,14,,,,,,,,,,,,projects/sbx-31371-t559vlz35eulkvmklkin/logs/container.googleapis.com%2Fapiserver,,,,,,,,,,,,,,,,,,,,,,,,,,,2023-10-20T17:05:02.275259824Z,,autopilot-crossplane,europe-west1-d,apiserver,,europe-west1,,,sbx-31371-t559vlz35eulkvmklkin,k8s_control_plane_component,INFO,httplog.go,132,,2023-10-20T17:05:01.119928Z
a0a09439-e151-49e9-8950-819c08a77f0c,,,,,,,,,,,,,,,,,,,,,,,,allow,"RBAC: allowed by ClusterRoleBinding ""crossplane:provider:provider-gcp-storage-783d8e05c77b:system"" of ClusterRole ""crossplane:provider:provider-gcp-storage-783d8e05c77b:system"" to ServiceAccount ""provider-gcp-storage-783d8e05c77b/crossplane-system""",,,,,projects/sbx-31371-t559vlz35eulkvmklkin/logs/cloudaudit.googleapis.com%2Factivity,true,a0a09439-e151-49e9-8950-819c08a77f0c,true,k8s.io,system:serviceaccount:crossplane-system:provider-gcp-storage-783d8e05c77b,,[true],"[""io.upbound.gcp.storage.v1beta1.buckets.status.update""]","[""storage.gcp.upbound.io/v1beta1/buckets/bucketbenchone1929-e48s7z46a81t45/status""]",[null],io.upbound.gcp.storage.v1beta1.buckets.status.update,,,,10.83.0.16,,provider/v0.0.0 (linux/amd64) kubernetes/$Format,,,,,storage.gcp.upbound.io/v1beta1/buckets/bucketbenchone1929-e48s7z46a81t45/status,k8s.io,,,,2023-10-20T17:05:02.223842158Z,,autopilot-crossplane,,,,europe-west1,,,sbx-31371-t559vlz35eulkvmklkin,k8s_cluster,,,,,2023-10-20T17:05:01.119815Z
tb44j5acllij0897,,,,,,,,,,,,,,,,,,,,,,,,,,gk3-autopilot-crossplane-pool-3-c21613a6-664c,provider-gcp-storage,provider-gcp-storage-783d8e05c77b,67b55d8d,projects/sbx-31371-t559vlz35eulkvmklkin/logs/stderr,,,,,,,,,,,,,,,,,,,,,,,,,,,2023-10-20T17:05:01.966246656Z,,autopilot-crossplane,,,provider-gcp-storage,europe-west1,crossplane-system,provider-gcp-storage-783d8e05c77b-67b55d8d-scpqs,sbx-31371-t559vlz35eulkvmklkin,k8s_container,ERROR,,,"2023-10-20T17:05:01Z	DEBUG	events	Successfully requested deletion of external resource	{""type"": ""Normal"", ""object"": {""kind"":""Bucket"",""name"":""bucketbenchone1929-e48s7z46a81t45"",""uid"":""839079d2-acf8-4acb-be41-596901317afb"",""apiVersion"":""storage.gcp.upbound.io/v1beta1"",""resourceVersion"":""413206""}, ""reason"": ""DeletedExternalResource""}",2023-10-20T17:05:01.110176930Z
m7aplatzx163y9sa,,,,,,,,,,,,,,,,,,,,,,,,,,gk3-autopilot-crossplane-pool-3-c21613a6-664c,provider-gcp-storage,provider-gcp-storage-783d8e05c77b,67b55d8d,projects/sbx-31371-t559vlz35eulkvmklkin/logs/stderr,,,,,,,,,,,,,,,,,,,,,,,,,,,2023-10-20T17:05:01.966246656Z,,autopilot-crossplane,,,provider-gcp-storage,europe-west1,crossplane-system,provider-gcp-storage-783d8e05c77b-67b55d8d-scpqs,sbx-31371-t559vlz35eulkvmklkin,k8s_container,ERROR,,,"2023-10-20T17:05:01Z	DEBUG	provider-gcp	Successfully requested deletion of external resource	{""controller"": ""managed/storage.gcp.upbound.io/v1beta1, kind=bucket"", ""request"": {""name"":""bucketbenchone1929-e48s7z46a81t45""}, ""uid"": ""839079d2-acf8-4acb-be41-596901317afb"", ""version"": ""413206"", ""external-name"": ""bucketbenchone1929-e48s7z46a81t45"", ""deletion-timestamp"": ""2023-10-20 16:55:06 +0000 UTC""}",2023-10-20T17:05:01.110148106Z
4q71lch4962jmps6,,,,,,,,,,,,,,,,,,,,,,,,,,gk3-autopilot-crossplane-pool-3-c21613a6-664c,provider-gcp-storage,provider-gcp-storage-783d8e05c77b,67b55d8d,projects/sbx-31371-t559vlz35eulkvmklkin/logs/stderr,,,,,,,,,,,,,,,,,,,,,,,,,,,2023-10-20T17:05:01.966246656Z,,autopilot-crossplane,,,provider-gcp-storage,europe-west1,crossplane-system,provider-gcp-storage-783d8e05c77b-67b55d8d-scpqs,sbx-31371-t559vlz35eulkvmklkin,k8s_container,ERROR,,,"2023-10-20T17:05:01Z	DEBUG	provider-gcp	Reconcile request has been requeued.	{""gvk"": ""storage.gcp.upbound.io/v1beta1, Kind=Bucket"", ""name"": ""bucketbenchone1929-e48s7z46a81t45"", ""rateLimiterName"": ""scheduler"", ""when"": ""7m42.200122428s""}",2023-10-20T17:05:01.110139149Z
4duzk4kfsmpt35hr,,,,,,,,,,,,,,,,,,,,,,,,,,gk3-autopilot-crossplane-pool-3-c21613a6-664c,provider-gcp-storage,provider-gcp-storage-783d8e05c77b,67b55d8d,projects/sbx-31371-t559vlz35eulkvmklkin/logs/stderr,,,,,,,,,,,,,,,,,,,,,,,,,,,2023-10-20T17:05:01.966246656Z,,autopilot-crossplane,,,provider-gcp-storage,europe-west1,crossplane-system,provider-gcp-storage-783d8e05c77b-67b55d8d-scpqs,sbx-31371-t559vlz35eulkvmklkin,k8s_container,ERROR,,,"2023-10-20T17:05:01Z	DEBUG	provider-gcp	Reconcile request has been requeued.	{""gvk"": ""storage.gcp.upbound.io/v1beta1, Kind=Bucket"", ""name"": ""bucketbenchone1929-e48s7z46a81t45"", ""rateLimiterName"": ""scheduler"", ""when"": ""7m42.10027328s""}",2023-10-20T17:05:01.109836401Z
waivf8ok4a8sm41b,,,,,,,,,,,,,,,,,,,,,,,,,,gk3-autopilot-crossplane-pool-3-c21613a6-664c,provider-gcp-storage,provider-gcp-storage-783d8e05c77b,67b55d8d,projects/sbx-31371-t559vlz35eulkvmklkin/logs/stderr,,,,,,,,,,,,,,,,,,,,,,,,,,,2023-10-20T17:05:01.966246656Z,,autopilot-crossplane,,,provider-gcp-storage,europe-west1,crossplane-system,provider-gcp-storage-783d8e05c77b-67b55d8d-scpqs,sbx-31371-t559vlz35eulkvmklkin,k8s_container,ERROR,,,"2023-10-20T17:05:01Z	DEBUG	provider-gcp	Reconciling	{""controller"": ""managed/storage.gcp.upbound.io/v1beta1, kind=bucket"", ""request"": {""name"":""bucketbenchone1929-e48s7z46a81t45""}}",2023-10-20T17:05:01.107551040Z
1kc2bx1fmbt65v,v1,,storage.gcp.upbound.io/v1beta1,Bucket,bucketbenchone1929-e48s7z46a81t45,411523,839079d2-acf8-4acb-be41-596901317afb,Event,2023-10-20T17:05:01Z,Successfully requested deletion of external resource,bucketbenchone1929-e48s7z46a81t45,2023-10-20T16:56:00Z,"[{""operation"":""Update"",""time"":""2023-10-20T17:05:01Z"",""manager"":""provider"",""apiVersion"":""v1"",""fieldsV1"":{""f:count"":{},""f:involvedObject"":{},""f:message"":{},""f:source"":{""f:component"":{}},""f:reason"":{},""f:firstTimestamp"":{},""f:metadata"":{""f:annotations"":{""f:external-name"":{},""."":{}}},""f:reportingComponent"":{},""f:lastTimestamp"":{},""f:type"":{}},""fieldsType"":""FieldsV1""}]",bucketbenchone1929-e48s7z46a81t45.178fdf2b16cb8e32,default,51007,9be89771-df77-42b0-8a09-7371d214e125,,DeletedExternalResource,"managed/storage.gcp.upbound.io/v1beta1, kind=bucket",,"managed/storage.gcp.upbound.io/v1beta1, kind=bucket",Normal,,,,,,,projects/sbx-31371-t559vlz35eulkvmklkin/logs/events,,,,,,,,,,,,,,,,,,,,,,,,,,,2023-10-20T17:05:04.341280736Z,,autopilot-crossplane,,,,europe-west1,,,sbx-31371-t559vlz35eulkvmklkin,k8s_cluster,INFO,,,,2023-10-20T17:05:01Z
beg2ijzogbawoduu,,,,,,,,,,"""HTTP"" verb=""PUT"" URI=""/apis/storage.gcp.upbound.io/v1beta1/buckets/bucketbenchone1929-e48s7z46a81t45/status"" latency=""12.059634ms"" userAgent=""provider/v0.0.0 (linux/amd64) kubernetes/$Format"" audit-ID=""5a57f511-4be2-478e-8ee0-dd30058b94ad"" srcIP=""10.83.0.16:47988"" apf_pl=""workload-low"" apf_fs=""service-accounts"" apf_iseats=1 apf_fseats=0 apf_additionalLatency=""0s"" apf_execution_time=""11.679772ms"" resp=200",,,,,,,,11,,,,,,,,,,,,projects/sbx-31371-t559vlz35eulkvmklkin/logs/container.googleapis.com%2Fapiserver,,,,,,,,,,,,,,,,,,,,,,,,,,,2023-10-20T17:00:35.233212535Z,,autopilot-crossplane,europe-west1-b,apiserver,,europe-west1,,,sbx-31371-t559vlz35eulkvmklkin,k8s_control_plane_component,INFO,httplog.go,132,,2023-10-20T17:00:33.421745Z
5a57f511-4be2-478e-8ee0-dd30058b94ad,,,,,,,,,,,,,,,,,,,,,,,,allow,"RBAC: allowed by ClusterRoleBinding ""crossplane:provider:provider-gcp-storage-783d8e05c77b:system"" of ClusterRole ""crossplane:provider:provider-gcp-storage-783d8e05c77b:system"" to ServiceAccount ""provider-gcp-storage-783d8e05c77b/crossplane-system""",,,,,projects/sbx-31371-t559vlz35eulkvmklkin/logs/cloudaudit.googleapis.com%2Factivity,true,5a57f511-4be2-478e-8ee0-dd30058b94ad,true,k8s.io,system:serviceaccount:crossplane-system:provider-gcp-storage-783d8e05c77b,,[true],"[""io.upbound.gcp.storage.v1beta1.buckets.status.update""]","[""storage.gcp.upbound.io/v1beta1/buckets/bucketbenchone1929-e48s7z46a81t45/status""]",[null],io.upbound.gcp.storage.v1beta1.buckets.status.update,,,,10.83.0.16,,provider/v0.0.0 (linux/amd64) kubernetes/$Format,,,,,storage.gcp.upbound.io/v1beta1/buckets/bucketbenchone1929-e48s7z46a81t45/status,k8s.io,,,,2023-10-20T17:00:50.255829874Z,,autopilot-crossplane,,,,europe-west1,,,sbx-31371-t559vlz35eulkvmklkin,k8s_cluster,,,,,2023-10-20T17:00:33.421664Z
byskcppyj8mmipj3,,,,,,,,,,"""HTTP"" verb=""PATCH"" URI=""/api/v1/namespaces/default/events/bucketbenchone1929-e48s7z46a81t45.178fdf2b16cb8e32"" latency=""7.477929ms"" userAgent=""provider/v0.0.0 (linux/amd64) kubernetes/$Format"" audit-ID=""2f22c376-a218-4162-9186-441dcd94e30a"" srcIP=""10.83.0.16:47988"" apf_pl=""workload-low"" apf_fs=""service-accounts"" apf_iseats=1 apf_fseats=0 apf_additionalLatency=""0s"" apf_execution_time=""7.104765ms"" resp=200",,,,,,,,11,,,,,,,,,,,,projects/sbx-31371-t559vlz35eulkvmklkin/logs/container.googleapis.com%2Fapiserver,,,,,,,,,,,,,,,,,,,,,,,,,,,2023-10-20T17:00:35.233212535Z,,autopilot-crossplane,europe-west1-b,apiserver,,europe-west1,,,sbx-31371-t559vlz35eulkvmklkin,k8s_control_plane_component,INFO,httplog.go,132,,2023-10-20T17:00:33.417984Z
zfny6ocquqboz9iw,,,,,,,,,,,,,,,,,,,,,,,,,,gk3-autopilot-crossplane-pool-3-c21613a6-664c,provider-gcp-storage,provider-gcp-storage-783d8e05c77b,67b55d8d,projects/sbx-31371-t559vlz35eulkvmklkin/logs/stderr,,,,,,,,,,,,,,,,,,,,,,,,,,,2023-10-20T17:00:36.966844448Z,,autopilot-crossplane,,,provider-gcp-storage,europe-west1,crossplane-system,provider-gcp-storage-783d8e05c77b-67b55d8d-scpqs,sbx-31371-t559vlz35eulkvmklkin,k8s_container,ERROR,,,"2023-10-20T17:00:33Z	DEBUG	events	Successfully requested deletion of external resource	{""type"": ""Normal"", ""object"": {""kind"":""Bucket"",""name"":""bucketbenchone1929-e48s7z46a81t45"",""uid"":""839079d2-acf8-4acb-be41-596901317afb"",""apiVersion"":""storage.gcp.upbound.io/v1beta1"",""resourceVersion"":""413206""}, ""reason"": ""DeletedExternalResource""}",2023-10-20T17:00:33.409052179Z
czmn5eu5mfd6hy8v,,,,,,,,,,,,,,,,,,,,,,,,,,gk3-autopilot-crossplane-pool-3-c21613a6-664c,provider-gcp-storage,provider-gcp-storage-783d8e05c77b,67b55d8d,projects/sbx-31371-t559vlz35eulkvmklkin/logs/stderr,,,,,,,,,,,,,,,,,,,,,,,,,,,2023-10-20T17:00:36.966844448Z,,autopilot-crossplane,,,provider-gcp-storage,europe-west1,crossplane-system,provider-gcp-storage-783d8e05c77b-67b55d8d-scpqs,sbx-31371-t559vlz35eulkvmklkin,k8s_container,ERROR,,,"2023-10-20T17:00:33Z	DEBUG	provider-gcp	Successfully requested deletion of external resource	{""controller"": ""managed/storage.gcp.upbound.io/v1beta1, kind=bucket"", ""request"": {""name"":""bucketbenchone1929-e48s7z46a81t45""}, ""uid"": ""839079d2-acf8-4acb-be41-596901317afb"", ""version"": ""413206"", ""external-name"": ""bucketbenchone1929-e48s7z46a81t45"", ""deletion-timestamp"": ""2023-10-20 16:55:06 +0000 UTC""}",2023-10-20T17:00:33.408847459Z
p42rdrmth1uvj0ev,,,,,,,,,,,,,,,,,,,,,,,,,,gk3-autopilot-crossplane-pool-3-c21613a6-664c,provider-gcp-storage,provider-gcp-storage-783d8e05c77b,67b55d8d,projects/sbx-31371-t559vlz35eulkvmklkin/logs/stderr,,,,,,,,,,,,,,,,,,,,,,,,,,,2023-10-20T17:00:36.966844448Z,,autopilot-crossplane,,,provider-gcp-storage,europe-west1,crossplane-system,provider-gcp-storage-783d8e05c77b-67b55d8d-scpqs,sbx-31371-t559vlz35eulkvmklkin,k8s_container,ERROR,,,"2023-10-20T17:00:33Z	DEBUG	provider-gcp	Reconcile request has been requeued.	{""gvk"": ""storage.gcp.upbound.io/v1beta1, Kind=Bucket"", ""name"": ""bucketbenchone1929-e48s7z46a81t45"", ""rateLimiterName"": ""scheduler"", ""when"": ""5m28.800611647s""}",2023-10-20T17:00:33.408834441Z
ys8wfvh79pev54iq,,,,,,,,,,,,,,,,,,,,,,,,,,gk3-autopilot-crossplane-pool-3-c21613a6-664c,provider-gcp-storage,provider-gcp-storage-783d8e05c77b,67b55d8d,projects/sbx-31371-t559vlz35eulkvmklkin/logs/stderr,,,,,,,,,,,,,,,,,,,,,,,,,,,2023-10-20T17:00:36.966844448Z,,autopilot-crossplane,,,provider-gcp-storage,europe-west1,crossplane-system,provider-gcp-storage-783d8e05c77b-67b55d8d-scpqs,sbx-31371-t559vlz35eulkvmklkin,k8s_container,ERROR,,,"2023-10-20T17:00:33Z	DEBUG	provider-gcp	Reconcile request has been requeued.	{""gvk"": ""storage.gcp.upbound.io/v1beta1, Kind=Bucket"", ""name"": ""bucketbenchone1929-e48s7z46a81t45"", ""rateLimiterName"": ""scheduler"", ""when"": ""5m28.7007124s""}",2023-10-20T17:00:33.408796638Z
d3rhi4o5lubz5x6m,,,,,,,,,,,,,,,,,,,,,,,,,,gk3-autopilot-crossplane-pool-3-c21613a6-664c,provider-gcp-storage,provider-gcp-storage-783d8e05c77b,67b55d8d,projects/sbx-31371-t559vlz35eulkvmklkin/logs/stderr,,,,,,,,,,,,,,,,,,,,,,,,,,,2023-10-20T17:00:36.966844448Z,,autopilot-crossplane,,,provider-gcp-storage,europe-west1,crossplane-system,provider-gcp-storage-783d8e05c77b-67b55d8d-scpqs,sbx-31371-t559vlz35eulkvmklkin,k8s_container,ERROR,,,"2023-10-20T17:00:33Z	DEBUG	provider-gcp	Reconciling	{""controller"": ""managed/storage.gcp.upbound.io/v1beta1, kind=bucket"", ""request"": {""name"":""bucketbenchone1929-e48s7z46a81t45""}}",2023-10-20T17:00:33.407631197Z
1bqdjvhf6frvyg,v1,,storage.gcp.upbound.io/v1beta1,Bucket,bucketbenchone1929-e48s7z46a81t45,411523,839079d2-acf8-4acb-be41-596901317afb,Event,2023-10-20T17:00:33Z,Successfully requested deletion of external resource,bucketbenchone1929-e48s7z46a81t45,2023-10-20T16:56:00Z,"[{""operation"":""Update"",""time"":""2023-10-20T17:00:33Z"",""fieldsV1"":{""f:metadata"":{""f:annotations"":{""f:external-name"":{},""."":{}}},""f:reason"":{},""f:involvedObject"":{},""f:source"":{""f:component"":{}},""f:count"":{},""f:type"":{},""f:reportingComponent"":{},""f:lastTimestamp"":{},""f:message"":{},""f:firstTimestamp"":{}},""apiVersion"":""v1"",""manager"":""provider"",""fieldsType"":""FieldsV1""}]",bucketbenchone1929-e48s7z46a81t45.178fdf2b16cb8e32,default,48881,9be89771-df77-42b0-8a09-7371d214e125,,DeletedExternalResource,"managed/storage.gcp.upbound.io/v1beta1, kind=bucket",,"managed/storage.gcp.upbound.io/v1beta1, kind=bucket",Normal,,,,,,,projects/sbx-31371-t559vlz35eulkvmklkin/logs/events,,,,,,,,,,,,,,,,,,,,,,,,,,,2023-10-20T17:00:37.644026093Z,,autopilot-crossplane,,,,europe-west1,,,sbx-31371-t559vlz35eulkvmklkin,k8s_cluster,INFO,,,,2023-10-20T17:00:33Z